time,frequency,offset,CrepeFreq,CrepeConf,freq_ratio,in_tune
3278.74732,259.9837,0,188.50673116913936,0.35492048,1.3791746235667695,False
3298.7473,258.96463,0,181.71182373605834,0.100628555,1.4251391278541874,False
3318.74728,258.3231,0,180.41354292305618,0.10564475,1.4318387401225814,False
3338.74726,260.402374,0,180.07104054979243,0.45813298,1.4461091200725011,False
3358.74724,262.414276,0,176.7729847988328,0.2983038,1.484470470975114,False
3378.74722,262.414276,0,177.9506594909629,0.36625844,1.4746462685254982,False
3398.74721,265.335327,0,197.56509140120073,0.6371108,1.343027379574747,False
3418.74719,265.2844,0,250.3955791178368,0.47501945,1.05946119709708,False
3438.74717,262.584045,0,249.51324052330435,0.81266075,1.0523852139040086,True
3458.74715,259.7431,0,252.38669933277242,0.9207976,1.0291473389313919,True
3478.7471299999997,257.7637,0,258.227765859974,0.9317085,0.9982028816365717,True
3498.747,257.469757,0,259.7020218477974,0.9514872,0.991404514944032,True
3518.747,259.3447,0,258.6240115526726,0.9429968,1.0027866262030376,True
3538.747,261.6586,0,258.7353474621579,0.95124894,1.0112982341474221,True
3558.747,264.0325,0,260.3512926427389,0.93752533,1.0141393857502854,True
3578.747,266.121,0,261.5493202873463,0.9550875,1.017479226126954,True
3598.747,265.912262,0,262.5469251766901,0.9609479,1.0128180393697055,True
3618.747,264.869751,0,264.35933533482034,0.9368256,1.0019307646712503,True
3638.747,264.723541,0,264.807115622929,0.95399284,0.9996843943459284,True
3658.747,264.4551,0,263.4725715812632,0.94819957,1.0037291487794728,True
3678.747,264.331848,0,261.26845780727473,0.9425492,1.0117250670763516,True
3698.747,264.80957,0,258.5943059462393,0.9414472,1.0240348063002318,True
3718.747,265.73822,0,257.99946729529694,0.93156564,1.0299952274546582,True
3738.747,265.8027,0,258.6492676772189,0.9484161,1.0276568821826637,True
3758.74686,266.4875,0,260.52322713405925,0.9320249,1.0228934399882574,True
3778.7468400000002,266.4875,0,263.07987669260046,0.9519247,1.0129528086687574,True
3798.74682,260.3719,0,265.5277434873444,0.9606348,0.9805826561863952,True
3818.74681,258.6569,0,265.35728756767156,0.96476305,0.9747495626402843,True
3838.74679,263.47583,0,264.19305661551186,0.9307032,0.9972852177695355,True
3858.74677,267.361542,0,264.47031849646226,0.9443397,1.0109321284897852,True
3878.74675,267.409821,0,264.2109021879516,0.9344373,1.0121074444148894,True
3898.74673,265.611633,0,264.30287665578425,0.932445,1.004951729473305,True
3918.7467100000003,263.012665,0,264.88049862087973,0.9580199,0.9929483913289022,True
3938.74669,262.424622,0,265.43691913633177,0.9644832,0.9886515517655454,True
3958.74667,262.0286,0,265.63330175255516,0.9680361,0.9864297822269549,True
3978.74665,261.2883,0,266.2486797569554,0.95992017,0.9813693733186452,True
3998.7466299999996,260.785431,0,265.84877849286323,0.96084166,0.9809540313799142,True
4018.7463799999996,262.124969,0,261.8161288652275,0.94927496,1.0011796069864416,True
4038.74636,263.332062,0,259.5815229668517,0.9542833,1.0144484052265432,True
4058.7463399999997,264.1675,0,261.0628071762449,0.93097967,1.011892512983127,True
4078.7463199999997,265.082733,0,265.8346733166532,0.952688,0.9971713986468669,True
4098.7463,265.483,0,268.215674941831,0.9590318,0.9898116508573793,True
4118.74628,264.488129,0,266.68056315771616,0.93782926,0.991778800330418,True
4138.74626,263.936462,0,263.6169432205461,0.9427324,1.0012120570686787,True
4158.74624,264.2533,0,262.73623778604195,0.9689113,1.0057740882138744,True
4178.746,264.2533,0,262.12714836108876,0.9719079,1.008111146259381,True
4198.746,265.259064,0,261.44541300847993,0.96004313,1.0145867963321138,True
4218.746,263.912781,0,260.371634494757,0.9582105,1.0136003544015633,True
4238.746,260.824646,0,261.4461084174815,0.95785415,0.9976229808076195,True
4258.746,259.829865,0,262.83466319609295,0.9681492,0.98856772482155,True
4278.746,259.490784,0,263.43320711436127,0.95188385,0.985034448930921,True
4298.746,259.30127,0,264.37939459189175,0.93615985,0.9807922830002292,True
4318.746,258.595245,0,264.9316005365072,0.9520895,0.9760830511585799,True
4338.746,258.7149,0,263.9665226412369,0.92932624,0.9801049671424641,True
4358.746,260.375458,0,263.40446041544254,0.947094,0.9885005652118981,True
4378.745999999999,261.979,0,263.53278390316325,0.9417315,0.9941040204556325,True
4398.746,263.733856,0,264.4552778899824,0.9415179,0.9972720457850626,True
4418.745999999999,262.33725,0,264.67986307869523,0.94888294,0.9911492583854075,True
4438.746,257.386444,0,263.6577728876945,0.9368818,0.9762141323617803,True
4458.746,259.555023,0,261.7986126042458,0.9608879,0.9914300936054333,True
4718.74571,260.238159,0,257.99901688763674,0.7794749,1.0086788784677363,False
4738.74569,259.401428,0,259.3884184433728,0.6106696,1.0000501547320626,False
4758.745669999999,259.2446,0,262.70833127119084,0.5641887,0.9868152971988723,False
4778.74565,259.761871,0,263.3123087760746,0.5789316,0.9865162483570262,False
4798.74563,260.058136,0,261.7521785724767,0.29623544,0.9935280669612168,False
4818.74561,259.463867,0,259.79315675542097,0.28700796,0.9987324925739635,False
4838.74559,259.742249,0,264.0305128537815,0.17841841,0.9837584534930011,False
4858.74557,260.032745,0,253.0590805079297,0.6000483,1.0275574560615373,False
4878.745559999999,260.3877,0,267.8679612388679,0.6500229,0.9720748192345501,False
4898.74554,260.687469,0,268.1504036804335,0.9415612,0.97216884786298,True
4918.7455199999995,262.438782,0,265.4621192969515,0.9611974,0.9886110406073811,True
4938.7455,263.524719,0,261.62918842134474,0.95276654,1.0072451036143666,True
4958.7454800000005,264.9666,0,259.97848484401106,0.9570277,1.0191866459987329,True
4978.74546,264.9666,0,259.63070385195795,0.96046585,1.0205518687461734,True
4998.745440000001,264.2087,0,260.02860125996995,0.9555142,1.0160755344595762,True
5018.74542,261.7874,0,260.29551269277397,0.9467434,1.005731513739105,True
5038.7454,262.1374,0,259.9807528829877,0.9547643,1.008295410691356,True
5058.74538,262.875641,0,260.1909541576597,0.9493857,1.0103181405788364,True
5078.74537,263.285553,0,260.39613250232713,0.9460358,1.011096249663566,True
5098.74535,262.54245,0,260.5667500683608,0.94205356,1.0075823178940553,True
5118.745330000001,263.3353,0,261.22175299034245,0.9477416,1.0080910069144804,True
5138.74531,264.6728,0,262.11335334584885,0.96581995,1.0097646557166207,True
5158.74529,265.739,0,263.1999036367923,0.95838195,1.0096470261885488,True
5178.74527,266.583832,0,264.12610769819645,0.92975134,1.0093051168747462,True
5198.74525,266.905273,0,264.9452653064237,0.9583402,1.007397783430134,True
5218.745,261.12735,0,264.36902853576316,0.9335416,0.9877380548178523,True
5238.745,256.8409,0,261.770662874026,0.95695376,0.9811676265785428,True
5418.745000000001,332.755432,0,266.1862974892464,0.9424949,1.2500847531922372,False
5438.745,335.657471,0,262.98633140850137,0.9371217,1.2763304815207952,False
5458.745000000001,336.215454,0,258.7497362126983,0.8597767,1.2993847217823755,False
5478.745,335.533081,0,259.0505223046039,0.7218085,1.2952418625331483,False
5498.745000000001,334.777924,0,262.24041472387063,0.7608847,1.2766069042123376,False
5518.745,334.4335,0,261.7076609444464,0.8301997,1.2778896070260295,False
5538.745,332.439545,0,313.09351790742784,0.6661973,1.0617899317171178,False
5558.745,331.5323,0,347.4335046326349,0.7605097,0.9542323799500906,False
5578.745,331.013519,0,345.44334232854726,0.8721353,0.9582281041189579,True
5598.745,330.8856,0,338.75887527147364,0.9289999,0.9767584679068138,True
5618.745,331.836945,0,332.4656138924444,0.92869794,0.9981090709349335,True
5638.745,332.061,0,331.48004762489387,0.9678587,1.0017526013383573,True
5658.745,332.0239,0,333.41717580152306,0.9525392,0.9958212236721949,True
5678.745,331.384674,0,334.69757668003894,0.9586837,0.9901018026096856,True
5698.745,331.048065,0,335.62481430406854,0.9497705,0.9863634954597782,True
5718.74475,331.5577,0,333.8938187537501,0.94434816,0.9930034082018362,True
5738.744739999999,331.64328,0,333.4552111393707,0.9464088,0.9945661933631819,True
5758.744720000001,328.280731,0,332.06567223263085,0.9455193,0.9886018292490671,True
5778.7447,328.280731,0,331.015853269961,0.96112853,0.9917371864732704,True
5798.744680000001,329.657379,0,330.3817408187097,0.9633554,0.9978075004480735,True
5818.74466,330.4082,0,330.3215964680516,0.9675875,1.0002621794423205,True
5838.74464,333.135468,0,331.10768090402917,0.9684756,1.0061242526613527,True
6218.74428,290.606384,0,328.90305015340806,0.7545074,0.8835624475493747,False
6238.7442599999995,290.967651,0,329.3862540740642,0.67338866,0.8833630650979577,False
6258.74424,292.82077,0,328.999497034635,0.3164016,0.89003409621983,False
6278.744,295.3284,0,323.1599092523861,0.0058155847,0.9138769740442962,False
6298.744,295.5579,0,304.53962124816,0.007962002,0.970507216068148,False
6318.744,293.842834,0,288.8363505896125,0.0071482765,1.017333287171672,False
6338.744000000001,294.121368,0,279.97428919735387,0.32444897,1.0505299213124313,False
6358.744,294.702667,0,290.6142266974394,0.60094553,1.0140682730815416,False
6378.744000000001,294.989075,0,291.2597019049964,0.9424281,1.0128042879622945,True
6398.744,295.168365,0,291.30999118471925,0.9450366,1.013244907253573,True
6418.744000000001,296.466156,0,290.8689332741865,0.94817615,1.0192431094748002,True
6438.744,297.8379,0,290.7143839057637,0.943942,1.0245034868881664,True
6458.744000000001,298.52652,0,290.5665214296456,0.94300485,1.027394754671631,True
6478.744,297.19342,0,291.82097743800335,0.93832743,1.0184100629405164,True
6498.744000000001,295.4128,0,295.4511070634496,0.94668597,0.9998703438148181,True
6518.744,293.2073,0,297.096262723441,0.94529474,0.9869100920765834,True
6538.744000000001,294.377747,0,294.5187542111622,0.97516567,0.9995212284136543,True
6558.744,295.0072,0,293.5020918124877,0.96544623,1.0051281003764494,True
6578.744000000001,295.0072,0,294.61815662721824,0.9739705,1.0013205003290888,True
6598.744,295.9388,0,295.47602102814676,0.96725434,1.0015662149850366,True
6618.744000000001,296.100555,0,295.6078701906965,0.9652044,1.0016666836677444,True
6638.744,294.664673,0,297.0238629435989,0.93835264,0.9920572376905391,True
6658.744000000001,293.455475,0,299.0421354640841,0.9509499,0.9813181495128968,True
6678.744,293.6338,0,299.0288226417112,0.9487136,0.9819581851874681,True
6698.744,294.256042,0,296.84718302591426,0.9341556,0.9912711281289536,True
6718.744,294.7553,0,294.1525996439079,0.9712143,1.0020489377174355,True
6738.744,294.849548,0,293.10137397353424,0.9472152,1.0059644006534874,True
6758.744,294.942047,0,294.07634071825265,0.9652934,1.0029438147918766,True
6778.743740000001,294.950439,0,295.18024849438365,0.96794105,0.9992214604616813,True
6798.74372,294.966827,0,295.4603557257459,0.9633863,0.9983296279308485,True
6818.74371,294.6843,0,296.4098067769796,0.93847114,0.9941786447764939,True
6838.74369,293.98996,0,296.53493925267475,0.93502194,0.9914176074526375,True
6858.74367,293.935974,0,295.4704450173255,0.9676697,0.9948066852600586,True
6878.743649999999,293.9722,0,293.9307739800709,0.9679055,1.0001409380153297,True
6898.74363,293.9682,0,293.5225933665655,0.9558748,1.0015181340159325,True
6918.7436099999995,295.0468,0,294.613970364595,0.96398973,1.0014691415850694,True
6938.74359,295.7208,0,295.2925257513609,0.96097344,1.001450338939495,True
6958.743570000001,295.238983,0,294.98463598156235,0.9665373,1.0008622381894274,True
6978.74355,295.238983,0,295.1270842294331,0.9649948,1.0003791545288332,True
6998.74353,295.1433,0,295.30488973551184,0.96493727,0.9994528037254765,True
7018.74352,295.018951,0,295.474918576542,0.96281207,0.9984568315350129,True
7038.7435,293.872223,0,294.94997834896105,0.9702758,0.9963459724425342,True
7058.74348,294.375671,0,293.9830921364003,0.9672715,1.0013353790544444,True
7078.74346,295.2084,0,293.6530107155652,0.9636489,1.0052966910866832,True
7098.74344,295.863953,0,294.1200015830354,0.9661054,1.005929387350667,True
7118.743420000001,296.279816,0,294.44533131951,0.9655218,1.006230306564105,True
7138.7434,296.567657,0,295.04510028359624,0.96087515,1.005160420271139,True
7158.74338,297.189056,0,296.2086397433985,0.94529307,1.0033098840649983,True
7178.74336,297.292236,0,295.7781425405279,0.9594441,1.0051190174042852,True
7198.74334,295.1709,0,295.10067756270394,0.97122484,1.000237960949043,True
7218.74332,287.207672,0,295.3224020645893,0.96759874,0.9725224703312059,True
7238.74331,287.207672,0,294.9919840022101,0.96902776,0.9736117846437761,True
7258.74329,287.0254,0,293.93797114165864,0.96682334,0.9764828915610659,True
7278.74327,287.586243,0,293.26591547262575,0.9549906,0.9806330290259869,True
7298.74325,289.067627,0,294.79036931697095,0.9687998,0.9805870784373637,True
7318.743,292.981934,0,296.0390137215641,0.95329195,0.9896733890471633,True
7338.743,295.684479,0,295.8794409771545,0.96263385,0.9993410762961069,True
7358.7429999999995,298.723267,0,296.39640461345516,0.9412669,1.0078505081381788,True
7378.743,298.723267,0,298.13547026494894,0.9520099,1.0019715759903667,True
7398.7429999999995,297.4269,0,297.5630422419177,0.9484636,0.9995424759711691,True
7418.743,296.0087,0,294.6523916329722,0.9610745,1.0046030794439207,True
7438.7429999999995,291.996063,0,289.8824759466979,0.9107824,1.007291186010467,True
7458.743,292.043457,0,288.33099404722174,0.939675,1.0128756985181073,True
7478.7429999999995,293.0562,0,287.78861999194044,0.9480475,1.0183036424727534,True
7498.743,295.12854,0,288.5483482908389,0.9445287,1.0228044684647741,True
7518.7429999999995,300.1812,0,290.13292007155064,0.9348235,1.034633367099367,True
7538.743,302.019684,0,292.24115873162145,0.9233221,1.033460465701748,True
7718.74332,332.809357,0,295.5631895861429,0.95698905,1.1260176122270515,False
7738.744,332.2098,0,299.6058041333336,0.93694496,1.108822978116127,False
7758.74424,332.673279,0,301.69541610938643,0.9600902,1.102679262715022,False
7778.7447,332.673279,0,303.2855391348616,0.939307,1.096897926452308,False
7798.745,330.204834,0,304.38550212576695,0.93349165,1.0848244469395423,False
7818.74561,329.1197,0,308.6806829473683,0.6791112,1.0662141111567927,False
7838.746,329.75592,0,338.8338920905411,0.7252905,0.9732081934468487,False
7858.74653,329.080017,0,342.9109195050892,0.87790114,0.9596661939927406,True
7878.746999999999,328.83194,0,336.7548903665918,0.8445655,0.9764726494158203,True
7898.74744,328.850464,0,333.8237663744276,0.9577556,0.9851020122729987,True
7918.748,328.9398,0,334.29805259719035,0.96258867,0.9839716308379255,True
7938.74836,329.4523,0,332.61301522799556,0.94820464,0.9904973194574812,True
7958.749,329.70697,0,331.918783113486,0.9628337,0.9933362821689735,True
7978.74928,329.482819,0,331.76280072384026,0.9665846,0.9931276751978649,True
7998.74973,329.9556,0,331.4134991273042,0.97333366,0.9956009663723921,True
8018.750000000001,331.952972,0,330.23529554271465,0.9748487,1.0052013715083437,True
8038.750999999999,331.9477,0,329.2040010621363,0.953734,1.008334342623454,True
8058.751000000001,330.9618,0,329.75331603125096,0.96903324,1.0036648121792793,True
8078.7519999999995,329.711243,0,329.4625094807617,0.96616346,1.0007549675974676,True
8098.7519999999995,328.912384,0,328.78475217304094,0.9372258,1.0003881926583136,True
8118.752479999999,331.267456,0,328.88049245724994,0.9357231,1.0072578447110552,True
8138.753,332.3436,0,329.03265786972713,0.9489663,1.0100626550315979,True
8158.753000000001,333.0838,0,329.13553129818234,0.95440215,1.0119958750313125,True
8178.754,333.0838,0,329.2560446176519,0.9535664,1.0116254673070408,True
8358.758,294.405884,0,331.3342779440135,0.96803254,0.8885464124836085,False
8378.758,295.0489,0,331.8460153960576,0.9601794,0.88911388508872,False
8398.759,295.108032,0,331.97816137585113,0.95849955,0.8889380879060041,False
8418.759,294.618225,0,331.4475539823092,0.9655344,0.888883388820317,False
8438.76,294.9752,0,330.35766660171566,0.9737716,0.8928964871144542,False
8458.76,295.9958,0,327.6842093078425,0.9593636,0.9032958915695786,False
8478.761,296.9136,0,321.4655491458077,0.8268074,0.9236249445359022,False
8498.761,297.188416,0,288.11304507010027,0.6507883,1.0314993405720023,False
8518.762,295.8808,0,280.7424474007485,0.90367,1.0539225640419174,True
8538.762,295.1001,0,284.40864825927315,0.9219603,1.0375918658105652,True
8558.763,295.772339,0,290.9879418776534,0.9287143,1.0164419085253993,True
8578.763,295.772339,0,294.367113773141,0.9336994,1.0047737167676345,True
9378.781,391.771881,0,381.5584544253207,0.90915,1.0267676589424866,True
9398.782000000001,377.516418,0,380.3823679959638,0.9301636,0.9924656076698217,True
9418.782000000001,371.977417,0,381.6580514775257,0.90267545,0.9746353196531589,True
9438.783000000001,390.431244,0,383.1958960752056,0.8575313,1.0188815903272992,True
9458.783000000001,393.086761,0,382.57924929020044,0.8974649,1.0274649284541548,True
9478.784,395.490479,0,384.8138619820747,0.8689362,1.02774488674325,True
9498.784,395.8525,0,388.83890589934475,0.8807663,1.0180372745480124,True
9518.784520000001,395.751068,0,391.9606414100185,0.89518744,1.00967042654167,True
9538.785,395.524719,0,393.08218463746124,0.9556116,1.0062138007215755,True
9558.785,395.4282,0,394.50637798003595,0.9638511,1.0023366466841017,True
9578.785999999998,394.996918,0,392.70967577053176,0.96388274,1.0058242573855112,True
9598.786,394.985046,0,389.62891073463885,0.92712927,1.0137467603604216,True
9618.786999999998,395.150879,0,379.93016397093436,0.8361368,1.0400618757668054,True
9638.787,396.511719,0,372.5188262463241,0.9103061,1.064407195189139,False
9958.795,486.9461,0,394.49751668337177,0.511397,1.2343451591124426,False
9978.795,485.243652,0,397.9598568406494,0.015043152,1.219328139909098,False
9998.79551,484.9831,0,407.95996312936427,0.00510534,1.1888007251491286,False
10018.796,485.93515,0,426.6946949405983,0.0139947,1.1388356962526773,False
10038.796400000001,488.466949,0,432.4709798622609,0.014782664,1.1294791367401658,False
10298.8024,488.518829,0,486.74297561067675,0.8856439,1.0036484417409315,True
10318.8028,490.311554,0,485.4932375377923,0.68258774,1.0099245799728211,False
10338.8033,497.55722,0,487.9997843792327,0.7489879,1.0195849177124636,False
10358.803699999999,498.807373,0,488.4183433581903,0.16073035,1.0212707605745894,False
10378.804199999999,499.59317,0,486.44609528460364,0.04965317,1.0270267864062192,False
10398.804699999999,499.873962,0,489.3005725808765,0.08173637,1.021609190774809,False
10418.8051,499.33194,0,489.2407525275215,0.043053105,1.020626220159186,False
10438.8056,499.699646,0,476.4338252325597,0.069414265,1.0488332682006438,False
10458.805999999999,499.977783,0,480.5285222078732,0.7055038,1.040474727083345,False
10478.806499999999,501.343964,0,487.1629752612602,0.9045526,1.0291093319050666,True
10498.806999999999,501.343964,0,490.1956800338416,0.96563953,1.0227425177745115,True
10518.8074,499.621033,0,490.40080510973735,0.96124595,1.0188014126285936,True
10538.8079,499.402161,0,492.4664708347998,0.94670874,1.014083578428077,True
10558.8083,495.5668,0,495.99591120548433,0.97627527,0.9991348493086538,True
10578.808799999999,495.5668,0,498.0745331878203,0.95222974,0.9949651447309099,True
10598.8092,505.174744,0,499.4538188054224,0.9446141,1.011454362704165,True
10618.81,507.979675,0,499.32215080591334,0.9453663,1.0173385542382072,True
10638.81,518.027466,0,498.9118937430723,0.9386973,1.0383145250627595,True
10658.8106,519.9929,0,499.4257925113754,0.9427229,1.0411815084383254,True
10678.8111,518.8824,0,499.72216626233535,0.94391125,1.0383417727513937,True
10698.8115,518.266052,0,500.5476681866002,0.94936305,1.0353979949154302,True
10718.812,518.6295,0,500.6568418243438,0.9454438,1.035898157528749,True
10738.8124,522.856445,0,500.04788619252076,0.93836725,1.045612749173182,True
10758.8129,525.6868,0,499.49350823046467,0.91173583,1.0524397040961138,True
10778.813400000001,528.0866,0,497.8256539882647,0.8912708,1.0607862326284387,False
10798.8138,529.678467,0,495.9000604424887,0.87911284,1.0681153507571082,False
10818.8143,529.4532,0,505.2281649488291,0.78647333,1.0479487026492764,False
10838.8147,521.5807,0,511.1969455150773,0.90385395,1.0203126301438679,True
10858.815200000001,517.8709,0,515.3621209816931,0.926577,1.0048679926524828,True
10878.815700000001,515.654663,0,520.6756485958665,0.93688357,0.9903567881282583,True
10898.8161,515.0142,0,519.3388071723912,0.9426579,0.9916728595809408,True
10918.8166,515.6004,0,518.9382459019505,0.9434019,0.9935679323535904,True
10938.817000000001,516.0589,0,519.8751644322793,0.9564385,0.9926592676600606,True
10958.817500000001,518.5893,0,523.1905904971783,0.94957143,0.9912053263557248,True
10978.8179,518.5893,0,525.6186672555511,0.9637761,0.9866264885677404,True
10998.8184,520.872253,0,528.3479467069951,0.9411976,0.9858508133634503,True
11018.8189,521.9301,0,529.8721600577476,0.9457244,0.9850113656530247,True
11038.8193,522.3152,0,528.2747122200509,0.9401069,0.9887189144545528,True
11058.820000000002,522.5623,0,523.7947326419296,0.9538333,0.9976471076069945,True
11078.82,524.1214,0,517.4475411587204,0.95138824,1.0128976530187677,True
11098.820699999998,527.1253,0,514.2771103676104,0.94117373,1.0249830089136296,True
11118.8211,530.4327,0,515.3963592164762,0.94043785,1.0291743247980691,True
11138.8216,533.0176,0,515.3480344429589,0.94111764,1.0342866652749343,True
11158.8221,531.90686,0,516.3424216101592,0.930361,1.0301436367387842,True
11178.8225,529.4429,0,518.0788073526637,0.9526657,1.0219350656426303,True
11198.823,525.5878,0,520.2387743070167,0.9541468,1.0102818666296232,True
11218.8234,521.5186,0,521.5350015724675,0.9430107,0.9999685513485804,True
11238.8239,517.6419,0,522.933823202537,0.951393,0.9898803195208747,True
11258.8243,517.740356,0,523.6402040901961,0.95615286,0.9887330116287636,True
11278.8248,517.896545,0,523.1545810936278,0.95477355,0.9899493643300681,True
11298.8253,518.608,0,524.0295571005958,0.9590183,0.9896541005614402,True
11318.8257,521.1331,0,527.4895601736363,0.94606376,0.9879496000422381,True
11338.8262,519.601868,0,531.7359446167833,0.96245086,0.9771802588491019,True
11358.8266,518.3691,0,532.8719336690868,0.9698945,0.9727836413353061,True
11378.8271,518.3691,0,532.1110924504221,0.966689,0.9741745799976863,True
11398.8276,522.640442,0,529.0360716832097,0.9250929,0.9879107871361947,True
11418.828,524.0691,0,525.1056149884829,0.9638359,0.9980260828319164,True
11438.8285,522.797668,0,521.0457968861745,0.95100015,1.0033622209876656,True
11458.8289,522.2807,0,517.826367436168,0.95456475,1.0086019809803932,True
11478.8294,522.421448,0,518.1042685798791,0.95575583,1.0083326459207802,True
11498.83,522.1553,0,518.4878842829751,0.95264024,1.0070732910607867,True
11518.83,520.632,0,520.6039534492843,0.9544599,1.0000538731035942,True
11538.8308,518.597656,0,522.7178717145932,0.94842523,0.9921177064386985,True
11558.8312,519.505859,0,521.2800731580396,0.94824696,0.9965964281978189,True
11578.8317,521.1494,0,519.2876487521341,0.9580591,1.0035852022522387,True
11598.8321,522.296631,0,519.933329290412,0.954324,1.0045453937581064,True
11618.8326,522.5262,0,523.3400115237192,0.9527691,0.9984449659766128,True
12158.8449,489.6964,0,1848.5927184533289,0.114831194,0.2649022659841031,False
12178.8454,489.6964,0,1685.5359729675135,0.15905267,0.29052859615796417,False
12198.8459,488.2271,0,1317.0134999496318,0.20597802,0.3707077414306474,False
12218.8463,486.337,0,1076.0535968067682,0.09882827,0.4519635466516021,False
12238.8468,477.391937,0,852.439324644526,0.05677514,0.560030401224247,False
12258.8472,470.6697,0,662.2119841813395,0.1546533,0.7107538239161679,False
12278.8477,464.392548,0,524.551221521115,0.5478364,0.8853140150037884,False
12298.8482,459.517456,0,453.71613196621763,0.55956805,1.0127862414956281,False
12318.848600000001,457.181519,0,449.0444450918018,0.8817106,1.0181208653110823,True
12338.8491,460.379181,0,449.5636333494874,0.9394875,1.0240578793483162,True
12358.85,464.401062,0,461.9204984890579,0.74714154,1.0053701091834115,False
12378.85,466.642273,0,489.87059237246035,0.92793965,0.9525827438222719,True
12398.85,467.3126,0,490.80978093462596,0.97048616,0.952125687287891,True
12418.850900000001,468.146851,0,490.79357548923304,0.9609437,0.9538569255584524,True
12438.851400000001,469.816437,0,488.63157570247336,0.9472907,0.9614942225634435,True
12458.8518,468.886017,0,483.20163786990656,0.95184857,0.9703734016030782,True
12478.8523,467.436981,0,473.9433830202302,0.93801457,0.9862717736899969,True
12498.852700000001,466.004,0,466.0810113381391,0.9548113,0.9998347683422717,True
12518.853200000001,464.113525,0,460.024168899271,0.91893584,1.0088894375061073,True
12538.8536,463.206665,0,457.36477850431686,0.9289812,1.0127729260543135,True
12558.8541,464.749573,0,459.73045007959377,0.898174,1.0109175342193175,True
12578.854599999999,464.749573,0,465.6256363646793,0.9469872,0.9981185242042963,True
12598.855,468.014618,0,467.0748408178412,0.97508633,1.0020120483914596,True
12618.8555,467.685577,0,467.4686378928305,0.9791074,1.0004640720030917,True
12638.855899999999,463.433868,0,468.9287085598803,0.9768058,0.9882821408466217,True
12658.856399999999,461.685059,0,469.2597529573303,0.973253,0.9838582066550696,True
12678.8568,460.820831,0,468.07088583492464,0.9804653,0.9845107759223428,True
12698.8573,460.9988,0,466.97474192326285,0.9786362,0.9872028583416512,True
12718.8578,462.6937,0,466.11246604461746,0.97218025,0.99266536234564,True
12738.858199999999,465.524353,0,465.311293668619,0.9551414,1.000457885579568,True
12758.858699999999,466.445129,0,464.18321028416364,0.95179576,1.0048729007549664,True
12778.8591,466.136841,0,464.2916479506172,0.9544275,1.0039742111612981,True
12798.859999999999,465.429138,0,466.5241213765592,0.9718551,0.9976528901156745,True
12818.86,465.284882,0,467.6555959154853,0.9807087,0.9949306414032224,True
12838.860499999999,465.099976,0,467.4130215161088,0.9791084,0.9950513883661046,True
12858.860999999999,464.433075,0,466.0422210431751,0.96805465,0.9965472097365486,True
12878.8614,463.716217,0,463.2110977479924,0.9579374,1.0010904731222185,True
12898.8619,464.388,0,461.87127968209955,0.9585215,1.0054489647410696,True
12918.8623,467.8194,0,461.9702115062188,0.95930135,1.0126613975275816,True
12938.8628,468.3356,0,464.03250813185934,0.9539144,1.009273255198142,True
12958.8633,468.4441,0,465.6311810223792,0.9591414,1.0060410880805801,True
12978.8637,467.8533,0,466.70046798673354,0.97269833,1.0024701753958798,True
12998.8642,466.318451,0,466.50966815509844,0.97276896,0.999590111056316,True
13018.8646,464.2857,0,465.9331944494563,0.96698874,0.9964640972802915,True
13038.8651,461.374878,0,466.04099797520627,0.9687676,0.9899877478687948,True
13058.8655,461.4079,0,465.77745142432195,0.9624733,0.9906188000063977,True
13078.866,463.318634,0,465.1141185088304,0.9472517,0.996139690374081,True
13098.8665,465.853271,0,464.7667896001355,0.947232,1.0023376915566606,True
13118.8669,467.9222,0,466.0025842461624,0.96607715,1.0041193242671451,True
13138.867400000001,467.6213,0,467.5381533246847,0.9787839,1.0001778393372265,True
13158.8678,466.274933,0,467.76025089155974,0.98075783,0.9968246171222785,True
13178.8683,465.49826,0,467.86327545272917,0.97885704,0.9949450713983895,True
13198.8688,464.8601,0,467.7256642756448,0.98003644,0.9938734080797498,True
13218.869200000001,464.275665,0,466.6499444076022,0.9725503,0.994912076094606,True
13238.87,466.802338,0,464.9357075794768,0.9339033,1.0040148140701888,True
13258.87,469.040955,0,463.05337392664563,0.9554859,1.0129306499218012,True
13278.8706,470.8122,0,462.0759419862675,0.95853,1.0189065415874696,True
13298.871000000001,471.441376,0,463.68847653071225,0.95800805,1.0167200606909501,True
13318.871500000001,468.9099,0,466.58005755059884,0.9730049,1.0049934462729335,True
13338.872,466.885529,0,468.0716269730061,0.9810999,0.9974659904496316,True
13358.872399999998,464.104553,0,467.83479366969453,0.98123187,0.9920265856234537,True
13378.872899999998,464.104553,0,466.87432209574206,0.97695196,0.9940674203642023,True
13398.8733,465.475372,0,466.24370090150796,0.9711114,0.9983520873311053,True
13418.8738,467.32724,0,465.6710344512271,0.96255225,1.003556599887568,True
13438.8742,469.308716,0,465.3715566768801,0.95456797,1.0084602491635593,True
13458.8747,469.8177,0,466.8065855702985,0.9746782,1.006450454048378,True
13478.875199999999,469.5852,0,468.42866605243455,0.97934943,1.002468964927599,True
13498.8756,468.422058,0,470.0514500394397,0.9628284,0.9965335878885109,True
13518.8761,466.450317,0,469.99900635512336,0.96318597,0.9924495811541311,True
13538.8765,464.7617,0,468.4559308538237,0.9780392,0.9921140269329274,True
13558.877,466.089142,0,466.765106116116,0.9758769,0.9985518109488933,True
13578.8774,468.670044,0,465.64946900026916,0.9619951,1.006486800052013,True
13598.8779,470.994354,0,465.269848151569,0.9527402,1.012303625242799,True
13618.8784,471.874847,0,465.80337603963494,0.9635941,1.013034407375889,True
13638.8788,471.229675,0,467.38987364232867,0.97934246,1.0082154140990434,True
13658.8793,470.01123,0,468.2641561216082,0.98159754,1.0037309579551463,True
13678.88,468.709076,0,468.66405994919427,0.9800029,1.0000960518517477,True
13698.880000000001,467.219269,0,468.66984205068235,0.978448,0.9969049148877698,True
13718.8807,466.323151,0,467.7508183439889,0.9801808,0.9969478036424535,True
13738.8811,467.4288,0,466.50446522058843,0.97487324,1.001981406070732,True
13758.8816,468.1382,0,465.5605960369167,0.9614166,1.0055365595478336,True
13778.882,468.1382,0,466.47389998720087,0.97377586,1.0035678309394047,True
13798.8825,464.634338,0,468.4343136312419,0.9807012,0.9918879221255485,True
13818.8829,463.56842,0,470.24805406268945,0.96138465,0.98579550940194,True
13838.8834,462.688477,0,470.8991740996272,0.9470545,0.9825637895514973,True
13858.8839,463.949554,0,470.2058506435617,0.9578408,0.9866945580643056,True
13878.8843,466.7871,0,468.881948659781,0.97612244,0.9955322471556672,True
13898.8848,469.919281,0,467.7330976426376,0.98007625,1.0046739975605334,True
13918.8852,472.246063,0,466.74277052936395,0.9766545,1.0117908467321184,True
13938.8857,471.134216,0,466.59737908042075,0.97578555,1.0097232370411522,True
13958.886100000002,469.057373,0,467.5691071853009,0.97947925,1.0031829857700785,True
13978.8866,465.7408,0,467.81181100000737,0.9802146,0.9955729826581754,True
13998.8871,462.346466,0,467.1456732218164,0.97906154,0.9897265296524804,True
14018.8875,462.142639,0,465.8375578276761,0.9650033,0.9920682247157002,True
14038.888,470.212677,0,464.65938307229413,0.9491432,1.0119513220436611,True
14058.8884,474.560669,0,463.9229547329368,0.9520628,1.0229299157511769,True
14078.8889,477.837463,0,463.97245123644086,0.95784706,1.0298832651089742,True
14098.8894,477.67688,0,466.8759194062801,0.9728258,1.0231345420587452,True
14118.890000000001,469.308777,0,470.0125190216744,0.9673582,0.998502716431598,True
14138.89,462.119476,0,471.8905239157791,0.9499582,0.9792938246890438,True
14158.8907,454.4076,0,471.0517205337776,0.9410312,0.9646660444952475,True
14178.8912,454.4076,0,468.8658999077063,0.9743337,0.9691632513463821,True
14198.891599999999,454.994446,0,466.0711215852518,0.9685818,0.9762339371133388,True
14218.8921,457.7694,0,463.3961765055548,0.9533549,0.9878575249627953,True
14238.8926,463.596344,0,464.49157322917705,0.946352,0.9980726685245259,True
14258.893,465.4186,0,469.4553573273164,0.96746385,0.9914011901998557,True
14278.8935,465.963776,0,475.2872267405831,0.922719,0.9803835444842032,True
14298.8939,465.210876,0,478.55253567493446,0.9436599,0.9721208045505018,True
14318.8944,463.662445,0,476.5590816648424,0.91850764,0.9729380109182089,True
14338.8948,463.217773,0,470.2307676512259,0.94298863,0.9850860574558842,True
14358.8953,464.432,0,462.7480427355373,0.91807675,1.0036390370329997,True
14378.8958,464.099152,0,457.2236502207227,0.871774,1.0150375024913043,True
14398.8962,462.0051,0,451.553207893771,0.8732864,1.0231465349454185,True
14418.8967,459.7485,0,454.34669126060015,0.8817301,1.0118891781172925,True
14438.8971,458.103455,0,458.6906096630935,0.90284437,0.9987199331080164,True
14458.8976,457.745331,0,464.0839937221699,0.9356792,0.9863415614244075,True
14478.898,458.0767,0,466.492079833182,0.96562654,0.9819602942965476,True
14498.8985,459.4552,0,466.23996788529433,0.9686257,0.985447905901187,True
14518.899,463.600555,0,465.8442580884605,0.9623277,0.9951835768081219,True
14538.8994,463.575348,0,464.27535542538453,0.92846596,0.9984922580593512,True
14558.9,462.905426,0,464.1497828777474,0.93654865,0.9973190618122617,True
14578.900000000001,463.635132,0,465.32976813420055,0.9480982,0.996358203901299,True
15238.9154,460.319366,0,548.605936847475,0.01727181,0.8390710619086488,False
15258.9159,461.4462,0,545.5709098227189,0.0069147265,0.8458042606229593,False
15278.9164,461.451752,0,545.3659618442431,0.0094478,0.8461322933311173,False
15298.9168,461.451752,0,523.3851439342981,0.046190683,0.8816676540171864,False
15318.917300000001,460.3784,0,512.7092801900371,0.0037857057,0.8979326448496494,False
15338.9177,460.815155,0,507.7226101480601,0.06982233,0.9076120420668657,False
15358.9182,462.823578,0,493.86052376878297,0.052223105,0.937154430704581,False
15378.9186,463.743561,0,467.73446043213755,0.4525362,0.9914675958909455,False
15398.919100000001,466.262146,0,461.76886149568935,0.8468299,1.0097305922485909,True
15418.92,469.227325,0,460.39417230557893,0.91160595,1.019186065388678,True
15438.92,471.9105,0,459.62718492042796,0.9156105,1.0267245182238265,True
15458.9205,470.435,0,461.7647245922201,0.9423144,1.0187763918420503,True
15478.920900000001,468.497253,0,463.69829634186044,0.9492475,1.0103493083670974,True
15498.921400000001,466.873627,0,463.8952325524572,0.9477876,1.0064204032258641,True
15518.921900000001,466.1254,0,462.91159224738317,0.9547529,1.0069425951011817,True
15538.9223,466.94693,0,462.0389794888181,0.95685315,1.0106223732824704,True
15558.9228,466.8618,0,462.5996254626037,0.9592678,1.0092135278603698,True
15578.923200000001,467.059753,0,463.78896702669624,0.95362306,1.0070523151817785,True
15598.9237,468.168152,0,464.5344020739185,0.9461451,1.0078223483769095,True
15618.924099999998,469.45517,0,466.04082408670257,0.9500289,1.0073262807394363,True
15638.924599999998,469.317383,0,469.04551861764224,0.96280557,1.000579611938643,True
15658.925099999999,468.89267,0,470.87119205076726,0.93322426,0.9957981671332445,True
15678.9255,467.7085,0,470.2580586142505,0.9500159,0.9945783840009813,True
15698.926,467.7085,0,468.7464787377797,0.9679576,0.9977856287249887,True
15718.9264,466.5883,0,467.1439740180528,0.96407527,0.9988104865973689,True
15738.926899999999,466.3158,0,466.84153067714425,0.95821315,0.9988738562390076,True
15758.9273,467.972015,0,467.40481330095184,0.9628125,1.0012135127472104,True
15778.9278,469.156525,0,467.0328537537253,0.9626816,1.0045471560067047,True
15798.9283,470.302124,0,467.2017361260276,0.96137494,1.0066360795224787,True
15818.9287,470.5535,0,468.17576978480486,0.9703648,1.0050787126729948,True
15838.9292,468.97403,0,468.9418433099521,0.9700659,1.0000686368480594,True
15858.93,468.152954,0,468.7352135515602,0.97062486,0.9987578071057465,True
15878.93,468.19104,0,468.50793093248734,0.97108644,0.9993236167168896,True
15898.9305,468.436279,0,468.0483503956217,0.9702542,1.0008288216464185,True
15918.931,468.106445,0,467.2919987655849,0.9663068,1.0017429064408692,True
15938.9315,467.643768,0,466.95316204049874,0.9573579,1.0014789619508806,True
15958.9319,467.652069,0,466.7926517725531,0.95619535,1.001841111303238,True
15978.9324,467.3656,0,466.9316498061903,0.9597429,1.0009293655591558,True
15998.9328,467.556244,0,468.27938922704925,0.9653125,0.9984557397919159,True
16018.9342,468.137238,0,469.09110943719674,0.96934265,0.9979665540062331,True
16038.934699999998,468.399231,0,469.4754689839209,0.96992815,0.9977075735474524,True
16058.9352,468.68692,0,469.10541408172327,0.97070205,0.9991078890390926,True
16078.9356,468.208923,0,468.20238117409275,0.97208136,1.0000139722183619,True
16098.936099999999,468.208923,0,467.9558839130774,0.9725116,1.0005407327819167,True
16118.9365,468.905182,0,468.22572204697974,0.97200173,1.0014511376052768,True
16138.936999999998,469.2268,0,467.83239403409317,0.9710162,1.0029805673649124,True
16158.9375,469.601227,0,467.54206247387106,0.96878695,1.0044042337393848,True
16178.9379,469.651031,0,467.86219950363886,0.968048,1.003823415309591,True
16198.9384,470.126862,0,467.3240894003641,0.9664876,1.0059974922397694,True
16218.9388,470.2987,0,467.6818007732919,0.9656184,1.005595469446066,True
16238.939999999999,469.210327,0,468.041226644857,0.967453,1.0024978576428485,True
16258.939999999999,468.507019,0,467.9140071468654,0.96772397,1.0012673522144604,True
16278.939999999999,467.495728,0,468.1807672840147,0.96547616,0.9985368060119413,True
16298.940000000002,466.16922,0,467.8236339770487,0.97222894,0.9964635947034478,True
16318.9411,464.8958,0,467.97871777169524,0.9732693,0.9934122692878541,True
16338.941599999998,467.446136,0,468.3751872756129,0.97183526,0.998016437888145,True
16358.942,469.710632,0,468.4572091342552,0.9739523,1.0026756400399115,True
16378.942500000001,471.417267,0,468.6398060627078,0.975525,1.005926643237217,True
16398.942900000002,472.214874,0,468.8567141297554,0.97422487,1.0071624438107443,True
16418.9434,472.477966,0,469.1293112291078,0.97206926,1.0071380207775096,True
16438.943900000002,471.057861,0,469.44579298954835,0.9671467,1.0034339811635877,True
16458.9443,470.045929,0,468.6841586902532,0.97182345,1.0029055181074442,True
16478.9448,469.823425,0,468.48248638021425,0.9729801,1.0028623025593693,True
16498.945200000002,469.823425,0,467.5129998638641,0.9700477,1.0049419484309714,True
16518.9457,469.429382,0,466.5171133929357,0.95403963,1.0062425761530667,True
16538.946200000002,467.0644,0,465.45059725101044,0.93327606,1.0034671837538094,True
16558.9466,456.430481,0,466.3565018114167,0.9493486,0.978715809101273,True
16578.9471,450.100372,0,468.564862062023,0.96828496,0.9605935238490442,True
16598.947500000002,445.887543,0,470.06813812125307,0.96086115,0.9485593828633079,True
16618.948,438.769836,0,470.9144530537836,0.9415727,0.9317400074571245,False
16638.9484,435.1289,0,470.95954589848964,0.94311476,0.9239199073242428,False
16658.9489,435.974579,0,470.08780055916486,0.9507121,0.9274322338963328,False
16678.95,436.3931,0,469.1220457730285,0.9656414,0.9302336224274067,False
16698.95,437.676941,0,468.45925359773753,0.97175026,0.9342903094317567,False
16718.95,440.156525,0,468.9719633295892,0.9713397,0.9385561598927866,False
16738.95,441.790466,0,468.70686513695705,0.975382,0.9425730640213856,False
16758.9512,441.2582,0,467.04356638779564,0.96750224,0.9447902331955355,True
16778.9516,440.176727,0,463.2301368822107,0.92349964,0.9502333547696776,True
16798.952100000002,439.6254,0,453.4757400601424,0.8758969,0.969457373710211,True
16818.9526,439.469452,0,446.40566710729956,0.94864607,0.9844620809761531,True
16838.953,439.902252,0,438.47345902117377,0.9001801,1.0032585620621504,True
16858.9535,439.397919,0,435.4761633951671,0.93615353,1.009005672260583,True
16878.9539,439.0089,0,436.5501944505814,0.9504444,1.005632125653988,True
16898.954400000002,439.0089,0,437.12287663810093,0.9449728,1.0043146297361611,True
16918.954800000003,441.88092,0,437.9847905616237,0.93693066,1.0088955815871605,True
16938.9553,443.6944,0,439.5876151232658,0.9581426,1.009342358008841,True
16958.9558,445.704651,0,441.1410652497035,0.9755838,1.0103449579052755,True
16978.9562,445.6107,0,441.16748380797037,0.97460383,1.0100714951919794,True
16998.956700000002,444.8886,0,439.95929951779544,0.96252596,1.0112039920229148,True
17018.957100000003,443.839264,0,439.51274437338463,0.9583546,1.0098439002782131,True
17038.9576,443.948334,0,439.42028859138554,0.95502216,1.0103045888553066,True
17058.958100000003,443.733917,0,439.7368367420115,0.9623238,1.009089709853745,True
17078.9585,442.994934,0,439.440302360764,0.9569029,1.0080889978004743,True
17098.959,442.667328,0,439.03953636773025,0.94694203,1.0082630180923642,True
17118.960000000003,442.972382,0,439.0284428817174,0.94552904,1.0089833339553018,True
17138.96,443.3749,0,440.545800399803,0.9725575,1.0064218058545322,True
17158.96,443.621,0,442.7594188318821,0.9615785,1.0019459352674889,True
17178.96,443.551544,0,444.5123975354917,0.9230418,0.9978384100402622,True
17198.9613,443.2276,0,445.18633154860544,0.9436322,0.9956001983668459,True
17218.9617,443.529266,0,444.6041895607599,0.9344611,0.9975822909770107,True
17238.962199999998,445.520142,0,443.52858777436415,0.95962447,1.004490249964787,True
17258.9626,446.0119,0,443.1582562956499,0.96572655,1.006439333271603,True
17458.9672,390.3385,0,444.63769061898836,0.93125135,0.8778799193937036,False
17478.967699999997,394.859344,0,445.8208666710708,0.95183104,0.8856905845354465,False
17498.9681,399.112122,0,443.4003509895948,0.9550131,0.9001168382236258,False
17518.9686,401.3872,0,431.7982078681919,0.8986012,0.9295712503802818,False
17538.969,402.691956,0,412.3092804025025,0.8503295,0.9766744896134428,True
17558.969999999998,402.101471,0,398.4678288268151,0.9243253,1.0091190352402684,True
17578.97,401.29007,0,389.96428476347853,0.9132749,1.0290431346639624,True
17598.97,400.168518,0,389.42302226495883,0.9462941,1.0275933756369702,True
17618.97,399.0792,0,389.7747746549066,0.9574751,1.023871286573974,True
17638.9713,399.003235,0,389.21919019204086,0.95285505,1.0251376218195503,True
17658.9718,399.8067,0,386.78670223379726,0.91481686,1.033661958105097,True
17678.9722,399.895935,0,389.1185518775307,0.95734096,1.027696914142149,True
18178.9837,474.533936,0,488.2431324993467,0.34036994,0.9719213736214404,False
18198.9841,476.347717,0,492.2634823107668,0.19455929,0.9676681982663927,False
18218.9846,476.700684,0,490.7005012213266,0.14954928,0.9714697311568221,False
18238.9851,474.8849,0,484.92209155249105,0.45767835,0.9793014347513913,False
18258.985500000003,473.9623,0,482.97802739767803,0.2974216,0.9813330485317201,False
18278.986,472.1835,0,488.42670820140137,0.082690865,0.9667438165672473,False
18298.9864,469.5984,0,492.29397368215984,0.17332827,0.9538983312909437,False
18318.9869,466.876282,0,484.810147733752,0.5457944,0.9630084769933469,False
18338.9874,464.0401,0,477.1149492714171,0.83770025,0.9725960184408743,True
18358.987800000003,464.800446,0,476.9269805346681,0.9470143,0.9745736034453882,True
18378.9883,464.986176,0,475.5059343897277,0.9083487,0.9778767043081619,True
18398.9887,467.294373,0,473.88416151471,0.948925,0.9860940941903469,True
18418.99,470.794128,0,475.66613319833556,0.91683906,0.9897575108709619,True
18438.99,472.793823,0,476.0906060938627,0.93592596,0.9930753032055988,True
18458.99,472.243469,0,474.5423195262663,0.95011866,0.995155646964087,True
18478.989999999998,469.1137,0,473.62818674179556,0.9612375,0.9904682895398353,True
18498.991,469.1137,0,471.75089820009975,0.95743775,0.9944097653864324,True
18518.9915,467.563751,0,469.2317237988025,0.9716636,0.9964453111027982,True
18538.9919,468.467834,0,466.20864876485433,0.96220785,1.0048458672766603,True
18558.992400000003,471.068085,0,465.05316685795117,0.93266755,1.0129338290129009,True
18578.9928,470.91687,0,465.9228475262864,0.9561612,1.0107185610240585,True
18598.9933,470.563629,0,465.742971549241,0.95338166,1.0103504674149426,True
18618.993799999997,470.081329,0,468.53024110108333,0.97472626,1.0033105395614836,True
18638.994199999997,469.370636,0,471.0208265576439,0.947265,0.9964965656196054,True
18658.9947,468.356,0,471.7198348119034,0.95972985,0.9928689985799628,True
18678.9951,466.569977,0,471.3238554260687,0.94864255,0.9899137750586139,True
18698.9956,465.837463,0,469.52909362423793,0.97004133,0.9921375891837869,True
18718.996,467.165039,0,468.4122964862288,0.9762224,0.9973372657046259,True
18738.996499999997,472.075775,0,467.66155552927296,0.9758872,1.00943891884748,True
18758.997,473.6342,0,468.4909341721368,0.9751828,1.0109783678887017,True
18778.9974,474.714722,0,469.85949813818,0.96767765,1.0103333525895695,True
18798.9979,474.399445,0,470.2751352278492,0.96418875,1.0087699932724543,True
18818.9983,472.381744,0,469.875945644944,0.9672495,1.005332893454711,True
18838.998799999998,468.4435,0,469.49743382321617,0.97013783,0.9977551872549466,True
18859.0,467.804779,0,469.3351910081494,0.97326386,0.996739191866559,True
18879.0,468.816467,0,468.66500697188803,0.97575426,1.0003231733239282,True
18899.0,468.816467,0,467.43012557872544,0.9747872,1.0029658794874594,True
18919.0,469.9002,0,466.8164681657156,0.96979874,1.0066058762802466,True
18939.001099999998,470.096558,0,467.9562024001044,0.9752789,1.0045738374423032,True
18959.0015,469.865417,0,470.2229692261864,0.9651608,0.9992396113129589,True
18979.002,469.886749,0,472.4235910522349,0.96252006,0.9946301537427787,True
18999.0025,469.6221,0,473.5342692150743,0.95897937,0.9917383609394119,True
19019.0029,468.5502,0,472.95427771088885,0.9586665,0.9906881533407316,True
19039.003399999998,464.9309,0,470.46380951234437,0.95422107,0.9882394577426062,True
19059.0038,463.778,0,468.50126064029547,0.97801363,0.9899183608730524,True
19079.0043,464.6338,0,467.91866104200125,0.97703207,0.9929798460384414,True
19099.004699999998,465.75235,0,468.27495216501205,0.9790685,0.9946129893274258,True
19119.0052,465.920959,0,468.87601469118783,0.9764846,0.9936975754813687,True
19139.005699999998,465.537,0,469.31906908113933,0.9733339,0.9919413692511064,True
19159.0061,466.436371,0,469.57754498935424,0.971998,0.9933106384177177,True
19179.0066,467.831238,0,469.5905271930735,0.97190094,0.9962535675419403,True
19199.007,468.724365,0,469.49114546116687,0.97246563,0.9983667839775472,True
19219.0075,468.5145,0,469.3739793252021,0.97316223,0.9981688816102723,True
19239.0079,466.657532,0,468.4491072999025,0.97732383,0.9961755177414491,True
19259.0084,466.5067,0,466.96768512632946,0.97211087,0.999012811504923,True
19279.0089,467.654,0,465.37015058084535,0.94626874,1.0049075975678803,True
19299.01,467.654,0,465.7127737730905,0.94862455,1.0041682907066993,True
19319.01,464.89267,0,466.73819657883155,0.969069,0.9960459062653129,True
19339.01,464.1538,0,466.8068014140234,0.9709288,0.9943167035998894,True
19359.010000000002,466.827759,0,466.65338013411116,0.9669795,1.000373679637419,True
19379.0112,468.7319,0,467.0961899318351,0.9730716,1.0035018698576916,True
19399.0116,470.1555,0,468.0802421985035,0.97746104,1.0044335513751859,True
19419.0121,470.777863,0,468.86051916992045,0.97688985,1.0040893693362667,True
19439.0125,470.15863,0,468.05141913933403,0.977966,1.004502092664393,True
19459.013,469.941864,0,467.1455850113325,0.97569,1.0059858833699555,True
19479.0134,469.1347,0,467.2075793358347,0.9732362,1.0041247632731147,True
19499.0139,468.4026,0,467.75628303273237,0.97682625,1.0013817387188841,True
19519.0144,468.835968,0,467.4896404040103,0.9766838,1.002879908942637,True
19539.0148,468.550842,0,466.13143882021495,0.9601633,1.0051903883288984,True
19559.0153,466.511841,0,465.3896012568785,0.9467166,1.002411398407035,True
19579.0157,462.589783,0,466.6002472473317,0.96540004,0.9914049247273419,True
19599.016200000002,457.776855,0,468.1679900574221,0.97794706,0.97780468703948,True
19619.0166,454.2303,0,469.648349731416,0.972251,0.9671710765294218,True
19639.0171,447.206543,0,470.2696208458335,0.9636421,0.9509577552461247,True
19659.0176,445.0578,0,469.9605728573775,0.96621,0.9470109317767494,True
19679.018,443.535431,0,469.8340835270036,0.9706736,0.9440256604425505,True
19699.018500000002,443.535431,0,469.27060045184896,0.97477967,0.9451592121324686,True
19719.0189,440.2163,0,468.2688254084512,0.97953165,0.9400931177001113,False
19739.02,439.270874,0,468.9410206879768,0.97659165,0.9367294704898109,False
19759.02,439.922668,0,469.06015568146563,0.97421205,0.9378811281910445,False
19779.02,440.962036,0,467.56972880592633,0.9742736,0.943093636806051,False
19799.02,441.833374,0,463.52204555013407,0.9442694,0.9532089751537217,True
19819.021200000003,443.140778,0,457.1729217997492,0.9386458,0.9693067040267631,True
19839.0217,445.775879,0,450.5735771039841,0.94082147,0.9893520207402732,True
19859.022100000002,446.153564,0,447.54032605568557,0.95373285,0.9969013696086171,True
19879.0226,445.752258,0,444.807256924992,0.9263182,1.0021245181149716,True
19899.023100000002,444.9448,0,443.5441514394298,0.95284885,1.0031578560015382,True
19919.023500000003,443.840149,0,442.6687851251103,0.96802247,1.002646140668262,True
19939.024,442.209534,0,440.31616635823764,0.9677798,1.0043000184558792,True
19959.024400000002,442.357422,0,438.98250471439127,0.9400037,1.0076880450800756,True
19979.0249,443.017822,0,439.1081279404326,0.9458085,1.0089037159888277,True
19999.0253,442.557861,0,439.87559496097026,0.96396226,1.0060977832590774,True
20019.025800000003,441.699341,0,441.1589573890815,0.9728386,1.001224918143149,True
20039.0263,442.907318,0,442.78608260471486,0.9672646,1.0002738012779713,True
20059.026700000002,443.692474,0,444.73583755423067,0.9329349,0.9976539701410876,True
20079.0272,443.927429,0,445.6527094161254,0.95213896,0.9961286437181415,True
20099.0276,443.927429,0,445.5534671792463,0.9471827,0.996350520646735,True
20119.0281,444.1114,0,444.58053722910114,0.9244869,0.998944764356926,True
20139.028499999997,445.30542,0,443.2132399783097,0.96211624,1.0047204817748512,True
20159.029,444.655121,0,441.9925035769463,0.97494227,1.006024123489665,True
20179.030000000002,443.5687,0,441.4559329005317,0.9745764,1.0047859071359322,True
20199.03,443.243469,0,442.52288587652976,0.96782815,1.0016283522196665,True
20219.03,443.476349,0,441.6335760901365,0.9742414,1.0041726286442665,True
20239.03,443.4665,0,441.1855218553415,0.97495836,1.005170111056832,True
20259.0313,443.1114,0,442.069430461495,0.9704582,1.0023570268982798,True
20279.031799999997,442.12088,0,443.20322099995025,0.96181387,0.9975579126038202,True
20299.032199999998,439.211945,0,443.556080521759,0.9545826,0.9902061188820838,True
20319.0327,432.420959,0,443.0731214917219,0.9627989,0.9759584547673336,True
20339.0331,411.977081,0,443.1861668156238,0.9645951,0.9295801896528789,False
20359.0336,402.3076,0,444.8009430997166,0.9350558,0.90446660745908,False
20379.034,398.909149,0,444.99853842152567,0.9353661,0.896427998201946,False
20399.034499999998,400.276184,0,443.8053306959064,0.94727564,0.9019183779797084,False
20419.035,403.177032,0,442.8852994012829,0.96752834,0.9103418707846868,False
20439.0354,406.4084,0,442.89014291835207,0.970161,0.9176280088828312,False
20459.0359,404.930328,0,443.0129511735026,0.9649249,0.9140372238043492,False
20479.0363,400.870117,0,442.68978034665395,0.96886337,0.9055328015164332,False
20499.036799999998,400.870117,0,442.064239575356,0.97392094,0.9068141711373741,False
20519.0372,399.497742,0,439.2224430772818,0.9421984,0.9095567594429773,False
20539.0377,399.971344,0,430.0825393045408,0.9319971,0.9299874034569464,False
20559.0382,401.1571,0,413.22474754704734,0.85287386,0.9707964065107854,True
20579.0386,401.755951,0,400.21147085918216,0.92697805,1.0038591601022882,True
20599.039999999997,402.658539,0,395.73547190600215,0.9142892,1.0174941787771865,True
20619.039999999997,403.5561,0,399.5675201818776,0.9399757,1.0099822423411864,True
20639.04,404.009674,0,404.73294215245056,0.9256623,0.9982129743415398,True
20659.04,403.142822,0,406.0003239403384,0.95270616,0.9929618234965787,True
21199.0528,467.91452,0,1697.2612350204263,0.18331873,0.27568797916625293,False
21219.0533,469.0284,0,1520.8791091708467,0.3831604,0.30839295324117183,False
21239.0537,469.9854,0,1245.8022729476309,0.44979846,0.37725521152565483,False
21259.054200000002,471.19577,0,998.5463594957127,0.4884026,0.47188171637615695,False
21279.0546,475.663269,0,830.8600936967464,0.5715457,0.5724950236611209,False
21299.0551,475.663269,0,660.2808253120041,0.27416337,0.720395399601728,False
21319.0556,474.1496,0,519.2223845872809,0.2739483,0.9131917538125628,False
21339.056,470.927551,0,461.9526136516467,0.812889,1.0194282640321226,True
21359.056500000002,467.56015,0,462.6144791448809,0.9553023,1.010690696201859,True
21379.0569,466.825043,0,465.26757223670046,0.94190013,1.0033474732739533,True
21399.0574,466.947479,0,467.2126878360231,0.9709806,0.9994323595164946,True
21419.057800000002,468.001251,0,468.86320841180776,0.97734547,0.9981616015154453,True
21439.0583,470.119415,0,469.2620426055124,0.9762091,1.0018270652996504,True
21459.058800000003,470.4239,0,469.61504798423056,0.9713317,1.001722372439387,True
21479.06,470.449158,0,470.6355897175316,0.9517778,0.9996038724618266,True
21499.06,470.703674,0,473.4387019790325,0.94990593,0.9942230578792993,True
21519.06,470.829346,0,475.09208513424824,0.93015957,0.9910275517786331,True
21539.059999999998,469.619537,0,473.7991367625191,0.95147574,0.9911785407819051,True
21559.061100000003,469.03476,0,470.19388114105715,0.9561563,0.9975348017327571,True
21579.061500000003,469.082031,0,468.2043264725629,0.97689474,1.001874618575291,True
21599.062,469.9198,0,467.77437483825616,0.97673255,1.004586452950711,True
21619.0624,471.5546,0,467.47932171557517,0.9734622,1.0087175583926775,True
21639.062899999997,472.8709,0,468.2174007227925,0.9767304,1.0099387576583525,True
21659.063299999998,471.871246,0,469.2474152156328,0.9737501,1.0055915721627606,True
21679.0638,470.816528,0,469.68600691935103,0.96705264,1.0024069720281088,True
21699.0643,470.816528,0,469.6961823096045,0.9669502,1.0023852561136146,True
21719.0647,469.358124,0,470.0592321559983,0.9605651,0.9985084684906994,True
21739.065199999997,468.800171,0,469.87482778756885,0.96487755,0.9977128870839306,True
21759.065599999998,469.3375,0,469.2742937760096,0.97155297,1.0001346892954264,True
21779.0661,469.77832,0,468.82294358185766,0.9738123,1.0020378192475887,True
21799.066499999997,469.9165,0,468.7679742823258,0.97441375,1.0024500942485086,True
21819.067,469.987732,0,469.7457910251212,0.96751505,1.0005150466049963,True
21839.067499999997,469.917633,0,471.25632744143667,0.9468794,0.9971593072315766,True
21859.0679,469.394653,0,471.83552674455404,0.9546635,0.9948268546851592,True
21879.0684,469.190033,0,470.7002362282639,0.94658697,0.9967915817498517,True
21899.068799999997,469.924652,0,470.22058771146425,0.9599921,0.9993706449287885,True
21919.07,470.990753,0,469.9113979440681,0.9629081,1.0022969331253813,True
21939.07,472.0507,0,469.0235263269566,0.9731328,1.006454204326913,True
21959.07,471.3663,0,468.7073388094925,0.9747438,1.0056729668395235,True
21979.07,471.497375,0,468.8087433852746,0.9752441,1.0057350287354085,True
21999.071099999997,471.619843,0,469.29487336746746,0.97189695,1.0049541764985617,True
22019.0716,472.0004,0,469.5115354475234,0.96888137,1.00530096571558,True
22039.072,473.083984,0,469.41222940478895,0.9710698,1.0078220258553272,True
22059.0725,473.372375,0,469.55686448991696,0.9697841,1.008125768780375,True
22079.073,471.687164,0,469.23319735750823,0.97169995,1.0052297379134965,True
22099.0734,471.687164,0,468.8658437326295,0.9746012,1.0060173294879193,True
22119.0739,471.648376,0,469.5737500496518,0.96916425,1.004418104611105,True
22139.0743,471.510834,0,470.3007142513911,0.96062064,1.0025730765698178,True
22159.0748,471.342041,0,471.2597126243066,0.94627225,1.0001746985228908,True
22179.0752,470.833466,0,470.4373784490025,0.95281565,1.0008419559523594,True
22199.0757,470.116943,0,470.51329307099854,0.9545566,0.9991576219485498,True
22219.0762,469.863647,0,470.78454738772285,0.9450726,0.9980439026879011,True
22239.0766,469.942657,0,471.6313436075455,0.95215106,0.9964194775634957,True
22259.0771,470.0753,0,472.22255560621676,0.95715797,0.9954528736911769,True
22279.0775,470.637543,0,472.5118386519128,0.96008795,0.9960333361016727,True
22299.078,471.113373,0,471.6612953686048,0.95450705,0.9988383139045222,True
22319.0784,471.7764,0,470.6602479276981,0.9546988,1.0023714602565572,True
22339.0789,473.212463,0,470.8381710311006,0.94895583,1.0050426921923086,True
22359.079999999998,473.620667,0,470.6721738160867,0.94950426,1.0062644306333381,True
22379.079999999998,474.069366,0,470.61590514134537,0.9520159,1.0073381728516324,True
22399.08,474.58786,0,470.31503189606894,0.9558124,1.0090850341030035,True
22419.08,475.121063,0,469.58180694352365,0.9696787,1.0117961470707968,True
22439.0812,474.545929,0,469.59043565902505,0.96992916,1.0105527987043015,True
22459.0816,474.014069,0,469.4564229392304,0.9706487,1.0097083474377335,True
22479.0821,474.290161,0,469.44894687837666,0.9706848,1.0103125465587157,True
22499.0826,474.290161,0,469.9144970185119,0.9646784,1.0093116173458163,True
22519.083,474.071564,0,470.2821274347597,0.9608116,1.0080577941286235,True
22539.0835,473.331116,0,471.19348512860927,0.94653887,1.0045366307872599,True
22559.0839,471.2938,0,471.8872255034693,0.9582129,0.9987424421103237,True
22579.0844,470.6958,0,472.4353214820952,0.9589852,0.9963179690361887,True
22599.0849,469.987579,0,473.00297788946693,0.9610291,0.9936249896291951,True
22619.0853,469.155548,0,474.0122003978785,0.9553044,0.9897541616148237,True
22639.0858,470.380463,0,474.37749731418944,0.9529153,0.9915741485698212,True
22659.0862,471.892,0,473.6902839797279,0.9595927,0.9962036713849828,True
22679.0867,472.752258,0,472.8094497915296,0.96184224,0.999879038391566,True
22699.0871,472.7275,0,472.8452509189601,0.96218675,0.9997509736669,True
22719.087600000003,471.864,0,473.4052291741117,0.9590876,0.9967443765317073,True
22739.0881,470.533325,0,473.0759106409332,0.9627197,0.9946254172242918,True
22759.0885,469.921539,0,472.32878034342457,0.9599062,0.9949034624956068,True
22779.089,469.527222,0,471.1875565682219,0.9502816,0.9964762767074866,True
22799.09,469.903381,0,470.39325153736945,0.9587007,0.9989585936112637,True
22819.09,470.157257,0,469.73574665194917,0.9703626,1.0008973350464707,True
22839.09,469.690948,0,469.1094696301729,0.97394127,1.0012395366273155,True
22859.09,469.7638,0,469.1676188702752,0.9729461,1.0012707209656975,True
22879.0913,470.210144,0,470.38740386917,0.9587217,0.9996231619560559,True
22899.0917,470.210144,0,471.70326967646275,0.951299,0.9968346081690576,True
22919.092200000003,469.545654,0,471.93743275523855,0.9557284,0.9949320003262403,True
22939.0926,469.56543,0,470.9998643277154,0.942201,0.9969544909959521,True
22959.093100000002,469.247284,0,470.1559670318857,0.96413136,0.9980672732122867,True
22979.0936,468.916351,0,469.6202957058508,0.96986747,0.9985010343200931,True
22999.094,468.87323,0,469.257841647305,0.9712983,0.9991803831216653,True
23019.094500000003,469.447449,0,469.51439305152905,0.97049874,0.999857418531743,True
23039.0949,471.432556,0,469.75788205067835,0.9677133,1.0035649725386426,True
23059.095400000002,472.037842,0,469.4581446916016,0.9718902,1.0054950528339286,True
23079.095800000003,472.059235,0,469.3914879560984,0.9723044,1.0056834158955843,True
23099.0963,471.627869,0,469.64461758176105,0.9676379,1.0042228769243664,True
23119.096800000003,470.9668,0,469.67398275651374,0.96796864,1.0027525843264697,True
23139.0972,468.4124,0,469.4601798633068,0.9697611,0.9977681177057192,True
23159.0977,467.3964,0,469.20167168782746,0.9730636,0.9961524610913396,True
23179.0981,468.110535,0,469.2575695542919,0.9726284,0.9975556397409181,True
23199.098599999998,470.60318,0,468.880905508158,0.9742312,1.0036731597973167,True
23219.099,472.487,0,468.8722728653768,0.9761904,1.0077094068978165,True
23239.100000000002,473.427765,0,469.423795603804,0.97276413,1.0085295407554826,True
23259.1,472.0788,0,470.2179582316774,0.96041,1.0039574025954274,True
23279.1,470.5174,0,470.93534074525456,0.9447579,0.9991125305130144,True
23299.1,470.5174,0,471.2325467815393,0.9418967,0.998482390941747,True
23319.1013,470.085327,0,470.80866154379004,0.9473487,0.9984636337372846,True
23339.1018,469.435,0,470.2584078025201,0.9599873,0.9982490311946408,True
23359.102199999998,468.539368,0,468.88929094896434,0.97509766,0.9992537194691392,True
23379.1027,468.426331,0,467.9225835518204,0.9771953,1.0010765615208308,True
23399.103199999998,468.197571,0,468.45476348938575,0.9762056,0.999450976893756,True
23419.1036,467.536133,0,470.6930723734353,0.95615286,0.9932929980092619,True
23439.1041,465.255554,0,472.3438933103371,0.9569447,0.9849932656889884,True
23459.104499999998,464.532043,0,472.0387991698559,0.9379469,0.9840971628114944,True
23479.105,465.492371,0,470.8206849729806,0.9263111,0.9886829229406385,True
23499.105499999998,467.20578,0,470.2227518977679,0.9564013,0.9935839516790888,True
23519.1059,468.691528,0,470.1149708891773,0.96272767,0.9969721387802541,True
23539.1064,470.989532,0,469.7521666235488,0.96506286,1.002634081254686,True
23559.106799999998,472.3835,0,469.0937265349701,0.9734031,1.007013040846507,True
23579.1073,473.061676,0,468.6003822790068,0.9776873,1.0095204653894987,True
23599.1077,472.493378,0,468.59645648695835,0.97657555,1.0083161565972065,True
23619.1082,471.2892,0,468.2149476092891,0.97619253,1.0065658997142404,True
23639.1087,468.631042,0,467.95372458745413,0.9757603,1.0014474025463584,True
23659.109999999997,469.28598,0,467.0850718497573,0.973155,1.0047120070472957,True
23679.11,468.154724,0,466.05097530516986,0.9582244,1.0045139883967684,True
24139.12,458.392029,0,461.834641381192,0.5656027,0.9925457900453367,False
24159.120000000003,462.398621,0,464.36685587030075,0.31717834,0.9957614656485076,False
24179.121,463.358765,0,465.762377747339,0.19830316,0.9948394012436899,False
24199.1215,463.0951,0,463.5120486954937,0.09481665,0.9991004576975567,False
24219.121900000002,461.751038,0,466.32489803118466,0.19106822,0.9901916881331119,False
24239.1224,456.821,0,464.6478316549914,0.099840336,0.9831553466479901,False
24259.1228,454.654144,0,468.73217678094954,0.17020535,0.9699657214112515,False
24279.1233,451.853363,0,455.1791648521728,0.2193557,0.9926934224828746,False
24299.1238,448.258972,0,465.7578786732759,0.7452588,0.9624291773160725,False
24319.124200000002,445.085144,0,465.3732521746161,0.8633704,0.9564046535123948,True
24339.1247,442.007324,0,461.7427222280819,0.9307936,0.9572588862194704,True
24359.1251,441.2199,0,459.1170370673638,0.9276891,0.9610183556208614,True
24379.1256,442.399841,0,463.2705429151898,0.9575411,0.9549492143751289,True
24399.1261,443.948761,0,465.10455332130994,0.9470427,0.9545138997882594,True
24419.126500000002,444.3179,0,465.28761543128434,0.93816334,0.9549317137705308,True
24439.127,442.043854,0,463.23934400484586,0.9510129,0.9542450565152685,True
24459.1274,441.4395,0,459.7790356682139,0.904519,0.9601122838461733,True
24479.127900000003,440.829559,0,455.9813333022956,0.9328798,0.9667710645245853,True
24499.1283,440.829559,0,452.17441215159425,0.9514956,0.97491044860851,True
24519.128800000002,440.847565,0,447.49354668203705,0.9536224,0.985148430114101,True
24539.13,440.5398,0,444.09031177059524,0.9408371,0.9920049780945698,True
24559.13,442.333466,0,442.2011854430965,0.97076607,1.0002991411177944,True
24579.13,443.8128,0,441.071970694273,0.9706322,1.0062140183186268,True
24599.129999999997,444.8655,0,442.2081184997686,0.9611876,1.0060093458013544,True
24619.131100000002,445.24295,0,443.79695537471326,0.94233894,1.0032582346673962,True
24639.1315,444.979248,0,443.3430720210901,0.9555806,1.003690541438825,True
24659.131999999998,444.767151,0,441.6816578403939,0.97090864,1.0069857851346888,True
24679.1325,444.087555,0,440.904445501999,0.9671303,1.0072194996681805,True
24699.132899999997,443.435669,0,440.67109145041957,0.9684687,1.0062735623080723,True
24719.1334,443.0619,0,440.59962279738284,0.9677091,1.0055884687031371,True
24739.1338,443.773468,0,440.5935362423489,0.9698023,1.007217381772714,True
24759.134299999998,444.069122,0,440.3140387777788,0.97065,1.008528193270068,True
24779.1348,444.513916,0,440.7791563413105,0.9722695,1.0084730859092563,True
24799.135199999997,444.577057,0,442.8842916818671,0.9601052,1.0038221389873743,True
24819.1357,444.602783,0,444.3057390205622,0.93384236,1.0006685576020076,True
24839.1361,443.467072,0,444.86035840137833,0.9371234,0.9968680365083884,True
24859.136599999998,443.967133,0,444.8043110193641,0.9353273,0.998117873413939,True
24879.137,445.1448,0,444.70982774182903,0.93278164,1.0009781035431118,True
24899.137499999997,445.1448,0,443.85734085606765,0.9456822,1.002900614736819,True
24919.138,444.6476,0,442.78632618819444,0.96306396,1.00420354853283,True
24939.1384,444.896637,0,442.4659998595373,0.9657299,1.005493387381707,True
24959.138899999998,446.509033,0,443.1771629786348,0.9569633,1.0075181446601882,True
24979.14,446.668976,0,443.6479044764937,0.94929236,1.006809615221943,True
24999.14,445.992981,0,444.29257289195624,0.93318075,1.0038272260483123,True
25019.14,444.362885,0,444.47724917347534,0.9260425,0.9997426996011877,True
25039.14,441.45105,0,444.16822452927545,0.9342679,0.9938825553490346,True
25059.1412,442.134766,0,443.2187377223773,0.9574726,0.9975543188269801,True
25079.1416,443.653259,0,443.40637788464096,0.954172,1.0005567829595434,True
25099.1421,445.780151,0,444.4373314357234,0.9289684,1.0030213923748004,True
25119.142499999998,447.5325,0,444.6737387815383,0.93623817,1.0064288959952865,True
25139.143,448.003418,0,444.3729581244386,0.935257,1.00816984879297,True
25159.1434,446.731018,0,444.5468535993834,0.92996675,1.0049132377901946,True
25179.1439,445.573334,0,445.62734518898685,0.94964904,0.9998787974087093,True
25199.1444,445.175537,0,446.3680715129462,0.9607785,0.9973283606309382,True
25219.1448,445.553223,0,445.9898271669897,0.95680785,0.9990210445611213,True
25239.1453,445.74765,0,443.95384555678027,0.94317204,1.0040405201152613,True
25259.1457,445.3558,0,441.4726462716759,0.97068596,1.0087959101455506,True
25279.1462,443.88913,0,441.130004411222,0.9690778,1.0062546767646436,True
25299.1467,443.88913,0,442.7033061760932,0.96035516,1.0026785971718837,True
25319.1471,443.881256,0,445.4630472625671,0.943515,0.9964491077940417,True
25339.1476,444.0776,0,447.57448653817914,0.94326264,0.9921870288781959,True
25359.148,443.740875,0,447.68471256097763,0.9544044,0.9911905913909436,True
25379.1485,444.337128,0,446.6312609046577,0.960673,0.9948634744016553,True
25399.1489,445.251984,0,445.2128260721855,0.9482743,1.0000879532787947,True
25419.149999999998,445.451874,0,444.8931506564593,0.93932676,1.0012558596209367,True
25439.15,445.787537,0,445.57757004542174,0.9499395,1.0004712242462224,True
25459.15,446.1112,0,445.576957369891,0.94946706,1.0011989907046865,True
25479.15,446.3118,0,445.0412048239952,0.9372427,1.0028550056988708,True
25499.1512,445.42984,0,444.06896266166586,0.94173807,1.0030645630583532,True
25519.1517,443.412018,0,443.2769569378019,0.95833105,1.0003046877580353,True
25539.1521,440.075958,0,443.374824383991,0.95639896,0.9925596443402616,True
25559.1526,439.729828,0,443.7308806503462,0.94795215,0.9909831548246493,True
25579.1531,440.8361,0,443.31997591435766,0.95628995,0.9943971035610687,True
25599.1535,443.1695,0,443.6009206420788,0.9470929,0.9990274577395956,True
25619.154000000002,445.3741,0,444.8756381254502,0.9352963,1.0011204521709711,True
25639.1544,445.2934,0,445.2557163472819,0.9471616,1.0000846337314369,True
25659.1549,443.510223,0,445.2808361478851,0.9426451,0.9960236035235591,True
25679.155300000002,441.473541,0,445.7170925715192,0.94986445,0.9904792711739269,True
25699.1558,441.473541,0,445.983438992889,0.9563553,0.9898877456008834,True
25719.156300000002,444.09964,0,445.03361238852426,0.94262105,0.997901344162497,True
25739.1567,446.2391,0,442.2965597120934,0.96853864,1.0089137937009343,True
25759.1572,447.436035,0,440.34393136494145,0.9678031,1.0161058280355426,True
25779.157600000002,446.440247,0,439.4560063714573,0.9527075,1.0158929233581555,True
25799.1581,445.8916,0,440.5771762401787,0.96956,1.012062412776744,True
25819.158600000002,446.679657,0,443.21297646678397,0.9540772,1.0078217035991406,True
25839.159,448.745422,0,445.69584678909223,0.9512054,1.0068422787263505,True
25859.16,448.758423,0,445.25126707858817,0.9489906,1.0078768016639754,True
25879.16,447.911957,0,443.08745747758786,0.95925254,1.010888368517306,True
25899.16,447.2482,0,441.2299491268024,0.96984494,1.0136397152666263,True
25919.16,447.2325,0,441.1931278009038,0.9655793,1.0136887268149417,True
25939.1613,446.344421,0,443.0263161086978,0.95789856,1.0074896338448844,True
25959.1618,445.949982,0,445.866705406809,0.9519446,1.000186774639553,True
25979.162200000002,445.318939,0,447.2696748212704,0.9577134,0.9956385690086189,True
25999.1627,444.611877,0,446.66834988950916,0.95975316,0.9953959735673731,True
26019.1631,444.014923,0,445.6903722814831,0.9530122,0.9962407774866069,True
26039.1636,441.509277,0,446.3073639804197,0.96002346,0.9892493663164603,True
26059.164,440.7363,0,447.8549556615104,0.9540447,0.9841049974516958,True
26079.164500000003,444.483429,0,448.32955015052016,0.94629395,0.9914212187235285,True
26099.165,444.483429,0,447.57467824319247,0.95723593,0.9930933330381286,True
26119.1654,447.636658,0,446.8570307290405,0.9603129,1.0017446906221605,True
26139.1659,448.0041,0,446.7172567519902,0.96075803,1.0028806660780607,True
26159.1663,444.8809,0,446.4784118304936,0.9578362,0.9964219729595792,True
26179.1668,442.569519,0,445.825630486091,0.9550001,0.9926964461811207,True
26199.1673,440.5652,0,444.99738420383295,0.9412067,0.9900399769500605,True
26219.167699999998,440.483215,0,444.14860356193276,0.9368488,0.9917473824469164,True
26239.1682,443.74176,0,442.8896330815315,0.96167475,1.0019240164023249,True
26259.168599999997,444.516479,0,440.9936812817625,0.96978486,1.0079883179006066,True
26279.170000000002,444.363159,0,440.3483277077248,0.9636931,1.0091173987492466,True
26299.170000000002,443.148682,0,442.10525353614145,0.963278,1.0023601358624734,True
26319.17,441.759949,0,445.13215901753796,0.941318,0.9924242498565351,True
26339.17,441.348663,0,447.23842206645287,0.9578337,0.9868308294282065,True
26359.17,441.674744,0,447.57460162798554,0.95388144,0.9868181581203989,True
26379.1714,441.68222,0,446.12839389554273,0.9558797,0.9900338692708633,True
26399.1718,440.78067,0,443.1698632454601,0.9567615,0.9946088544289466,True
26419.1723,439.2571,0,440.33990623564273,0.9644724,0.9975409763677805,True
26439.1727,438.02652,0,440.1144750099905,0.9622286,0.9952558819840155,True
26459.173199999997,439.657654,0,441.91483377963635,0.96362674,0.994892274241326,True
26479.1737,440.7343,0,443.87162333528175,0.936833,0.9929319128091414,True
26499.1741,440.7343,0,444.5433998527372,0.9264299,0.9914314331199181,True
26519.1746,438.364044,0,442.9077075913802,0.95403916,0.9897412857949808,True
26539.175,438.3616,0,440.9828584212461,0.9651249,0.99405587230617,True
26559.175499999998,439.297363,0,440.6226681674656,0.96497846,0.9969921993051845,True
26579.1759,440.3973,0,441.05053559678817,0.96553415,0.9985189098661805,True
26599.1764,441.256165,0,441.0994068434383,0.96579313,1.0003553805653094,True
26619.1769,442.144562,0,439.8200431679255,0.95794046,1.005285158937577,True
26639.1773,443.435425,0,438.2873320777053,0.929269,1.0117459313685617,True
26659.177799999998,442.2141,0,437.7783181288407,0.9359204,1.0101324841534383,True
26679.1782,439.4104,0,439.50303905646,0.95618063,0.9997892186214254,True
26699.1787,435.954529,0,440.6041742151907,0.96806026,0.9894471149224295,True
26719.18,434.9264,0,439.76166413936505,0.95876104,0.9890048075272139,True
26739.18,436.320374,0,438.55755655540406,0.9260508,0.9948987709321994,True
26759.18,437.5237,0,438.4662346441909,0.92243713,0.9978503826070992,True
26779.18,438.495148,0,438.5087973741471,0.9250737,0.999968873203391,True
26799.181,438.4369,0,439.8106993450518,0.9607502,0.9968763848921874,True
26979.1851,446.013153,0,437.2892949305552,0.9414806,1.0199498550972537,True
26999.1856,442.83783,0,438.58202891319866,0.9182957,1.0097035464434034,True
27019.186,441.6191,0,438.7780456652556,0.92810416,1.0064749236266755,True
27039.1865,441.4508,0,440.524717965518,0.9645948,1.0021022249075124,True
27059.1869,442.2737,0,442.37423661969706,0.9647209,0.9997727340080533,True
27079.1874,442.664337,0,443.39035202510115,0.9222728,0.9983625827179476,True
27099.1879,442.28653,0,442.16706102038654,0.814792,1.0002701896865356,True
27119.1883,442.8237,0,440.051491978019,0.9304026,1.0062997355366754,True
27139.1888,440.427429,0,438.5665354810848,0.9201283,1.0042431270248968,True
27159.19,440.1759,0,440.3154498987773,0.96380335,0.9996830683574484,True
27179.19,440.76297,0,442.3049169475124,0.949164,0.9965138372004682,True
27199.190000000002,442.359344,0,442.04931605155275,0.86193424,1.0007013424457174,True
27219.190000000002,440.970673,0,442.9692743677716,0.951699,0.9954881715653435,True
27239.1911,436.4575,0,441.23567641723423,0.96678025,0.9891709200488222,True
27259.1915,436.414032,0,440.66942991430375,0.9667089,0.9903433330623109,True
27279.192,441.223358,0,441.4238247947353,0.96864545,0.9995458632192575,True
27299.1924,441.223358,0,442.15328307901086,0.96508414,0.9978968264748932,True
27319.192900000002,443.8365,0,442.0117356795138,0.9620184,1.0041283164522339,True
27339.193300000003,443.407623,0,440.09195739723566,0.9024712,1.0075340290751362,True
27359.1938,441.6464,0,440.86541292134945,0.94490814,1.001771486389634,True
27379.194300000003,441.095062,0,439.6961121860627,0.96036625,1.0031816288003594,True
27399.1947,440.535583,0,440.13004460720515,0.96185714,1.0009214058384874,True
27419.195200000002,439.504,0,439.95543062508943,0.94710743,0.9989739173705663,True
27439.195600000003,440.884766,0,438.3794157316967,0.9207563,1.0057150271623079,True
27459.1961,442.3058,0,436.60409131803556,0.933647,1.0130592195431607,True
27479.196500000002,442.602234,0,436.78784245698535,0.94699526,1.0133117064575516,True
27499.197,441.67688,0,439.3941546556091,0.9376981,1.0051951654800233,True
27519.197500000002,440.229248,0,441.7604488694344,0.9634628,0.9965338660956337,True
27539.197900000003,442.3543,0,442.99666808896416,0.9597536,0.9985499482609311,True
27559.1984,444.739258,0,442.8272873997113,0.96294284,1.0043176440447377,True
27579.198800000002,445.093,0,441.5838760771846,0.97055703,1.007946675847834,True
27599.2,444.18457,0,440.75169042116727,0.96873003,1.0077886929385396,True
27619.2,442.745331,0,440.16841407952927,0.96358645,1.0058543885432114,True
27639.199999999997,443.353333,0,439.1732295759315,0.9418922,1.0095181198273513,True
27659.199999999997,444.369049,0,439.6537008905594,0.9487898,1.0107251414008098,True
27679.2011,442.455475,0,440.96923633017593,0.96347934,1.0033703908286047,True
27699.2016,442.455475,0,441.6116485511139,0.9679212,1.001910788475926,True
27719.201999999997,439.448639,0,440.80161025791307,0.97049195,0.9969306571790393,True
27739.2025,439.0757,0,439.533377812709,0.9514198,0.9989587188691185,True
27759.202999999998,439.616547,0,440.57664371422953,0.96108365,0.9978208179486422,True
27779.2034,439.334076,0,443.59516780494715,0.94569874,0.9903941879573837,True
27799.203899999997,438.28598,0,444.40942626946395,0.92355615,0.9862211602466077,True
27819.204299999998,437.828033,0,442.9643175092793,0.9628884,0.9884047443411248,True
27839.2048,440.802429,0,441.78879286097447,0.97037023,0.9977673406910418,True
27859.2052,441.7199,0,442.5800871312031,0.9625335,0.9980564260430721,True
27879.2057,441.9032,0,443.8453071129035,0.9384382,0.9956243603756083,True
27899.206199999997,441.115143,0,443.3386523510991,0.94927734,0.9949846255468422,True
27919.206599999998,440.2317,0,440.7646338828589,0.9666135,0.9987908878301689,True
27939.2071,440.278137,0,439.0070487485462,0.94165105,1.0028953709401187,True
27959.2075,440.5158,0,438.8974731725715,0.9382221,1.0036872548290845,True
27979.208,439.9428,0,439.25687603974217,0.94800574,1.001561555430713,True
27999.2085,438.535767,0,439.37298126184976,0.94824415,0.9980945249308565,True
28019.208899999998,435.72937,0,438.22844160091785,0.9281485,0.9942973313375364,True
28039.21,435.987061,0,438.07341690302957,0.9321875,0.9952374286534456,True
